id,date,longitude,latitude
1BAP1,2016-10-02,-5.66839540333333,9.2366912725
1BAP2,2016-10-02,-5.66780197833333,9.23615473083333
1BAP3,2016-10-02,-5.66848381166667,9.23779825833333
1BAP4,2016-10-02,-5.66878022416667,9.23723094833333
1FEL1,2016-10-08,-5.4717271,9.45040518
1FEL2,2016-10-08,-5.47200943,9.44993386
1FEL3,2016-10-08,-5.470124,9.448971
1FEL4,2016-10-08,-5.4703,9.449943
1FLA1,2016-09-28,-5.610584935,9.29444773928571
1FLA2,2016-09-28,-5.60975108,9.29619170642857
1FLA3,2016-09-28,-5.60998079642857,9.29714845214286
1FLA4,2016-09-28,-5.61099635071429,9.29594492428572
1GUE1,2016-09-21,-5.54941853833333,9.27167217416667
1GUE2,2016-09-21,-5.5488062125,9.27124895666667
1GUE3,2016-09-21,-5.54840122833333,9.27192859333333
1GUE4,2016-09-21,-5.54925254583333,9.2724406975
1KAG1,2016-09-23,-5.53528021,9.281796
1KAG2,2016-09-23,-5.53628357,9.28145092
1KAG3,2016-09-23,-5.535888665,9.2825982
1KAG4,2016-09-23,-5.53476827,9.28275247
1KAR1,2016-10-06,-5.710798765,8.991622385
1KAR2,2016-10-06,-5.70982086,8.99155321
1KAR3,2016-10-06,-5.71057841,8.99111732
1KAR4,2016-10-06,-5.71143615,8.991643825
1KAT1,2016-09-30,-5.73811358,9.23408105
1KAT2,2016-09-30,-5.739506085,9.23409631
1KAT3,2016-09-30,-5.74006247,9.23521177
1KAT4,2016-09-30,-5.73990949,9.23507999
1KOG1,2016-09-30,-5.76101764642857,9.25665900785714
1KOG2,2016-09-30,-5.76114920857143,9.25536806785714
1KOG3,2016-09-30,-5.76009329142857,9.25542736428571
1KOG4,2016-09-30,-5.759284195,9.25470843785714
1KOL1,2016-09-22,-5.523485185,9.28824894
1KOL2,2016-09-22,-5.523585885,9.28743274
1KOL3,2016-09-22,-5.52552605,9.28846907
1KOL4,2016-09-22,-5.523949145,9.28939704
1KON1,2016-10-08,-5.514440565,9.440568745
1KON2,2016-10-08,-5.513939225,9.440282345
1KON3,2016-10-08,-5.51305874,9.44086581
1KON4,2016-10-08,-5.51350233,9.440762265
1LAG1,2016-09-24,-5.56793298333333,9.29689968166667
1LAG2,2016-09-24,-5.56719790166667,9.29832805
1LAG3,2016-09-24,-5.56665294583333,9.29930602166667
1LAG4,2016-09-24,-5.56823423333333,9.29785740583333
1LAT1,2016-10-04,-5.75627985,9.21072352
1LAT2,2016-10-04,-5.75621849,9.21000837
1LAT3,2016-10-04,-5.75687082,9.210200945
1LAT4,2016-10-04,-5.7572171,9.21064536
1LLO1,2016-10-02,-5.58323568,9.279850205
1LLO2,2016-10-02,-5.58430875,9.27893339
1LLO3,2016-10-02,-5.579740895,9.280028865
1LLO4,2016-10-02,-5.58178248,9.27926763
1LOK1,2016-09-21,-5.606860115,9.186424145
1LOK2,2016-09-21,-5.60553412,9.18600122
1LOK3,2016-09-21,-5.6043807,9.18669568
1LOK4,2016-09-21,-5.60516051,9.18800385
1MOR1,2016-10-06,-5.56989535666667,9.39734754666667
1MOR2,2016-10-06,-5.57180193166667,9.39787047416667
1MOR3,2016-10-06,-5.57213192166667,9.3987190425
1MOR4,2016-10-06,-5.57147364916667,9.39873548083333
1NAA1,2016-09-30,-5.608609995,9.32787476
1NAA2,2016-09-30,-5.6092885425,9.3263945675
1NAA3,2016-09-30,-5.6106387325,9.3279380175
1NAA4,2016-09-30,-5.61136152,9.326845455
1NAK1,2016-10-06,-5.748389234,9.059742788
1NAK2,2016-10-06,-5.748215311,9.060272663
1NAK3,2016-10-06,-5.747999344,9.060559069
1NAK4,2016-10-06,-5.748355465,9.060641134
1NAL1,2016-09-28,-5.48623189,9.0324122
1NAL2,2016-09-28,-5.486363175,9.031164655
1NAL3,2016-09-28,-5.48746058,9.03183008
1NAL4,2016-09-28,-5.48662305,9.03326748
1NOK1,2016-09-23,-5.6138509225,9.25179285
1NOK2,2016-09-23,-5.61399263,9.2512367175
1NOK3,2016-09-23,-5.61440911,9.25159459
1NOK4,2016-09-23,-5.6142762025,9.252568075
1NON1,2016-10-04,-5.56669399333333,9.39303121666667
1NON2,2016-10-04,-5.56580007,9.39303552
1NON3,2016-10-04,-5.56535423666667,9.392017635
1NON4,2016-10-04,-5.566815815,9.39194674333333
1NOT1,2016-09-23,-5.618425995,9.257507885
1NOT2,2016-09-23,-5.61850067,9.258066519
1NOT3,2016-09-23,-5.617148276,9.258640667
1NOT4,2016-09-23,-5.617655918,9.256244921
1NOU1,2016-10-04,-5.778425008,9.168051922
1NOU2,2016-10-04,-5.779228565,9.167392602
1NOU3,2016-10-04,-5.779148992,9.167072104
1NOU4,2016-10-04,-5.779912312,9.167013259
1NOW1,2016-10-08,-5.51658768,9.48668305583333
1NOW2,2016-10-08,-5.51643081416667,9.48597677833333
1NOW3,2016-10-08,-5.51669394333333,9.4845879
1NOW4,2016-10-08,-5.51705221583333,9.4846936625
1PEN1,2016-09-21,-5.51589353416667,9.25318813333333
1PEN2,2016-09-21,-5.51565196916667,9.25403526833333
1PEN3,2016-09-21,-5.5143863375,9.25334081333333
1PEN4,2016-09-21,-5.5134638725,9.25354487
1PES1,2016-10-10,-5.48800545,9.50676099
1PES2,2016-10-10,-5.48825199,9.50497071
1PES3,2016-10-10,-5.48808321,9.50421285
1PES4,2016-10-10,-5.48703725,9.50524714
1TAG1,2016-10-02,-5.687781118,9.159901502
1TAG2,2016-10-02,-5.687130629,9.16026292
1TAG3,2016-10-02,-5.687874654,9.160922255
1TAG4,2016-10-02,-5.688478035,9.161241348
1TAH1,2016-10-10,-5.50700967714286,9.39198671785714
1TAH2,2016-10-10,-5.50710418214286,9.39249271714286
1TAH3,2016-10-10,-5.50649951857143,9.39289816785714
1TAH4,2016-10-10,-5.50648975428571,9.39336894928571
1TAK1,2016-09-27,-5.60630756583333,9.32532524416667
1TAK2,2016-09-27,-5.60615170083333,9.32336700583333
1TAK3,2016-09-27,-5.60568310166667,9.32751549333333
1TAK4,2016-09-27,-5.60309804083333,9.3270752475
1YAY1,2016-09-29,-5.499899895,8.988799495
1YAY2,2016-09-29,-5.50009085,8.98903029
1YAY3,2016-09-29,-5.499347015,8.98903433
1YAY4,2016-09-29,-5.49959904,8.98967352
1YEN1,2016-09-26,-5.58957901428571,9.35304929571429
1YEN2,2016-09-26,-5.588385005,9.352950525
1YEN3,2016-09-26,-5.58717500214286,9.35139257642857
1YEN4,2016-09-26,-5.58683232857143,9.353457535
2BAP1,2016-12-04,-5.66852926,9.236650835
2BAP2,2016-12-04,-5.66778331,9.23614931
2BAP3,2016-12-04,-5.66848182,9.23777462
2BAP4,2016-12-04,-5.66873972,9.23722267
2FEL1,2016-11-30,-5.471699245,9.45040861
2FEL2,2016-11-30,-5.47198184,9.449938115
2FEL3,2016-11-30,-5.47011819,9.44898054
2FEL4,2016-11-30,-5.47029484,9.44994706
2FLA1,2016-11-20,-5.610587125,9.29445942
2FLA2,2016-11-20,-5.60972708,9.29622612
2FLA3,2016-11-20,-5.6099638,9.29719233
2FLA4,2016-11-20,-5.61098693,9.29594334
2GUE1,2016-11-22,-5.54944417,9.27167544
2GUE2,2016-11-22,-5.54873946,9.27127887
2GUE3,2016-11-22,-5.54837989,9.27193107
2GUE4,2016-11-22,-5.54925159,9.272498845
2KAG1,2016-11-18,-5.53522842,9.28180416
2KAG2,2016-11-18,-5.53626545,9.28145989
2KAG3,2016-11-18,-5.53586727,9.28258158
2KAG4,2016-11-18,-5.5347601,9.28275013
2KAR1,2016-12-02,-5.710835835,8.9916161875
2KAR2,2016-12-02,-5.70983784666667,8.99156339833333
2KAR3,2016-12-02,-5.71058492,8.99110834916667
2KAR4,2016-12-02,-5.71143603666667,8.99169962833333
2KAT1,2016-12-06,-5.73815019928571,9.23411684285714
2KAT2,2016-12-06,-5.73954485571429,9.23414937714286
2KAT3,2016-12-06,-5.73968959357143,9.23490835714286
2KAT4,2016-12-06,-5.73971747214286,9.23520145571429
2KOG1,2016-12-06,-5.761024615,9.25666678
2KOG2,2016-12-06,-5.76112816,9.25536065
2KOG3,2016-12-06,-5.760082095,9.255451895
2KOG4,2016-12-06,-5.759294985,9.254715765
2KOL1,2016-11-24,-5.523485185,9.28824894
2KOL2,2016-11-24,-5.523585885,9.28743274
2KOL3,2016-11-24,-5.52552605,9.28846907
2KOL4,2016-11-24,-5.523949145,9.28939704
2KON1,2016-11-30,-5.5144238175,9.44058895833333
2KON2,2016-11-30,-5.513951125,9.44029203333333
2KON3,2016-11-30,-5.51303026583333,9.44086020833333
2KON4,2016-11-30,-5.51351073833333,9.4407645675
2LAG1,2016-11-20,-5.5679011,9.296939
2LAG2,2016-11-20,-5.56720228,9.2983402
2LAG3,2016-11-20,-5.56665726,9.29932399
2LAG4,2016-11-20,-5.56826138,9.297860395
2LAT1,2016-12-06,-5.75626117714286,9.21072940142857
2LAT2,2016-12-06,-5.75620111642857,9.21001811071429
2LAT3,2016-12-06,-5.75682068714286,9.21018547642857
2LAT4,2016-12-06,-5.75719180214286,9.21064417785714
2LLO1,2016-11-26,-5.58327134333333,9.2797753425
2LLO2,2016-11-26,-5.58431591333333,9.2789203875
2LLO3,2016-11-26,-5.58143104833333,9.27937994416667
2LLO4,2016-11-26,-5.58008103333333,9.279904285
2LOK1,2016-11-26,-5.60688449,9.18642286
2LOK2,2016-11-26,-5.605484175,9.18601435
2LOK3,2016-11-26,-5.60436125,9.18670062
2LOK4,2016-11-26,-5.60515094,9.187994375
2MOR1,2016-11-28,-5.56989535666667,9.39734754666667
2MOR2,2016-11-28,-5.57180193166667,9.39787047416667
2MOR3,2016-11-28,-5.57213192166667,9.3987190425
2MOR4,2016-11-28,-5.57147364916667,9.39873548083333
2NAA1,2016-11-24,-5.6085953,9.32786607
2NAA2,2016-11-24,-5.60928307,9.32639038
2NAA3,2016-11-24,-5.610638055,9.327949095
2NAA4,2016-11-24,-5.61136152,9.326845455
2NAK1,2016-12-02,-5.748389234,9.059742788
2NAK2,2016-12-02,-5.748215311,9.060272663
2NAK3,2016-12-02,-5.747999344,9.060559069
2NAK4,2016-12-02,-5.748355465,9.060641134
2NAL1,2016-11-18,-5.48621237,9.03241825571429
2NAL2,2016-11-18,-5.48637298642857,9.03115794785714
2NAL3,2016-11-18,-5.48744362142857,9.031841355
2NAL4,2016-11-18,-5.48664172714286,9.03324055214286
2NOK1,2016-11-30,-5.6138509225,9.25179285
2NOK2,2016-11-30,-5.61399263,9.2512367175
2NOK3,2016-11-30,-5.61440911,9.25159459
2NOK4,2016-11-30,-5.6142762025,9.252568075
2NON1,2016-11-28,-5.56666887,9.3930167
2NON2,2016-11-28,-5.565791045,9.39301166
2NON3,2016-11-28,-5.56537906,9.39202599
2NON4,2016-11-28,-5.56678742,9.3919452
2NOT1,2016-11-28,-5.618425995,9.257507885
2NOT2,2016-11-28,-5.61850067,9.258066519
2NOT3,2016-11-28,-5.617148276,9.258640667
2NOT4,2016-11-28,-5.617655918,9.256244921
2NOU1,2016-12-04,-5.778425008,9.168051922
2NOU2,2016-12-04,-5.779228565,9.167392602
2NOU3,2016-12-04,-5.779148992,9.167072104
2NOU4,2016-12-04,-5.779912312,9.167013259
2NOW1,2016-11-22,-5.51658182,9.486687725
2NOW2,2016-11-22,-5.51636434,9.48588381
2NOW3,2016-11-22,-5.51669382,9.484635495
2NOW4,2016-11-22,-5.51724059,9.48489425
2PEN1,2016-11-22,-5.51589353416667,9.25318813333333
2PEN2,2016-11-22,-5.51565196916667,9.25403526833333
2PEN3,2016-11-22,-5.5143863375,9.25334081333333
2PEN4,2016-11-22,-5.5134638725,9.25354487
2PES1,2016-11-20,-5.48801708142857,9.50676131
2PES2,2016-11-20,-5.48825179714286,9.50493338142857
2PES3,2016-11-20,-5.48808181857143,9.50418413785714
2PES4,2016-11-20,-5.48701689142857,9.50522515428571
2TAG1,2016-12-04,-5.687781118,9.159901502
2TAG2,2016-12-04,-5.687130629,9.16026292
2TAG3,2016-12-04,-5.687874654,9.160922255
2TAG4,2016-12-04,-5.688478035,9.161241348
2TAH1,2016-12-02,-5.49937538,9.39458989
2TAH2,2016-12-02,-5.49912551,9.39428489
2TAH3,2016-12-02,-5.49855709,9.39416829
2TAH4,2016-12-02,-5.49899996,9.394456655
2TAK1,2016-11-26,-5.606301305,9.325347065
2TAK2,2016-11-26,-5.6061575,9.32331675
2TAK3,2016-11-26,-5.605666835,9.32752181
2TAK4,2016-11-26,-5.603104155,9.327090965
2YAY1,2016-11-24,-5.49992028,8.988784075
2YAY2,2016-11-24,-5.50009678,8.98898845
2YAY3,2016-11-24,-5.49934492,8.989057465
2YAY4,2016-11-24,-5.49961954,8.98970904
2YEN1,2016-11-18,-5.589600415,9.353063805
2YEN2,2016-11-18,-5.588377945,9.35295328
2YEN3,2016-11-18,-5.587186685,9.35134862
2YEN4,2016-11-18,-5.586834895,9.35347603
3BAP1,2017-03-02,-5.66839540333333,9.2366912725
3BAP2,2017-03-02,-5.66780197833333,9.23615473083333
3BAP3,2017-03-02,-5.66848381166667,9.23779825833333
3BAP4,2017-03-02,-5.66878022416667,9.23723094833333
3FEL1,2017-02-24,-5.47168405,9.45040623
3FEL2,2017-02-24,-5.47201339,9.4499197
3FEL3,2017-02-24,-5.47011827,9.448950055
3FEL4,2017-02-24,-5.470308705,9.44992713
3FLA1,2017-02-16,-5.610568735,9.29445307
3FLA2,2017-02-16,-5.60971738,9.29623232
3FLA3,2017-02-16,-5.60996897,9.297172035
3FLA4,2017-02-16,-5.61098722,9.29592647
3GUE1,2017-02-16,-5.54941853833333,9.27167217416667
3GUE2,2017-02-16,-5.5488062125,9.27124895666667
3GUE3,2017-02-16,-5.54840122833333,9.27192859333333
3GUE4,2017-02-16,-5.54925254583333,9.2724406975
3KAG1,2017-02-14,-5.5352363,9.28180494
3KAG2,2017-02-14,-5.53629216,9.28146615
3KAG3,2017-02-14,-5.53586966,9.28260413
3KAG4,2017-02-14,-5.53479125,9.28274797
3KAR1,2017-02-28,-5.710835835,8.9916161875
3KAR2,2017-02-28,-5.70983784666667,8.99156339833333
3KAR3,2017-02-28,-5.71058492,8.99110834916667
3KAR4,2017-02-28,-5.71143603666667,8.99169962833333
3KAT1,2017-02-28,-5.738124535,9.234125105
3KAT2,2017-02-28,-5.73950018,9.234079555
3KAT3,2017-02-28,-5.73898959,9.23494692
3KAT4,2017-02-28,-5.74006836,9.23522422
3KOG1,2017-03-04,-5.761014585,9.256690015
3KOG2,2017-03-04,-5.761159415,9.255373225
3KOG3,2017-03-04,-5.760077625,9.255434925
3KOG4,2017-03-04,-5.75926224,9.25471642
3KOL1,2017-02-14,-5.523485185,9.28824894
3KOL2,2017-02-14,-5.523585885,9.28743274
3KOL3,2017-02-14,-5.52552605,9.28846907
3KOL4,2017-02-14,-5.523949145,9.28939704
3KON1,2017-02-22,-5.5144238175,9.44058895833333
3KON2,2017-02-22,-5.513951125,9.44029203333333
3KON3,2017-02-22,-5.51303026583333,9.44086020833333
3KON4,2017-02-22,-5.51351073833333,9.4407645675
3LAG1,2017-02-14,-5.56793298333333,9.29689968166667
3LAG2,2017-02-14,-5.56719790166667,9.29832805
3LAG3,2017-02-14,-5.56665294583333,9.29930602166667
3LAG4,2017-02-14,-5.56823423333333,9.29785740583333
3LAT1,2017-03-04,-5.756261,9.210729
3LAT2,2017-03-04,-5.756201,9.210018
3LAT3,2017-03-04,-5.756844265,9.210212555
3LAT4,2017-03-04,-5.75718756,9.21066971
3LLO1,2017-02-16,-5.58327134333333,9.2797753425
3LLO2,2017-02-16,-5.58431591333333,9.2789203875
3LLO3,2017-02-16,-5.58143104833333,9.27937994416667
3LLO4,2017-02-16,-5.58008103333333,9.279904285
3LOK1,2017-02-20,-5.60684231,9.186436575
3LOK2,2017-02-20,-5.6054995,9.18600599
3LOK3,2017-02-20,-5.60435673,9.18672219
3LOK4,2017-02-20,-5.605135185,9.187998265
3MOR1,2017-02-22,-5.56988938,9.39735462
3MOR2,2017-02-22,-5.57172783,9.39784615
3MOR3,2017-02-22,-5.57211322,9.39875373
3MOR4,2017-02-22,-5.571723575,9.399128795
3NAA1,2017-02-18,-5.608609995,9.32787476
3NAA2,2017-02-18,-5.6092885425,9.3263945675
3NAA3,2017-02-18,-5.6106387325,9.3279380175
3NAA4,2017-02-18,-5.61136152,9.326845455
3NAK1,2017-02-28,-5.748389234,9.059742788
3NAK2,2017-02-28,-5.748215311,9.060272663
3NAK3,2017-02-28,-5.747999344,9.060559069
3NAK4,2017-02-28,-5.748355465,9.060641134
3NAL1,2017-02-26,-5.48616072,9.03241573
3NAL2,2017-02-26,-5.486364125,9.0311342
3NAL3,2017-02-26,-5.48741637,9.0318401
3NAL4,2017-02-26,-5.48665165,9.0332598
3NOK1,2017-02-20,-5.613833195,9.251797745
3NOK2,2017-02-20,-5.61394577,9.25119234
3NOK3,2017-02-20,-5.61440608,9.2516231
3NOK4,2017-02-20,-5.61424813,9.25259691
3NON1,2017-02-26,-5.56671373,9.39302712
3NON2,2017-02-26,-5.56580487,9.393045575
3NON3,2017-02-26,-5.565347145,9.39201164
3NON4,2017-02-26,-5.566826035,9.39194306
3NOT1,2017-02-22,-5.618425995,9.257507885
3NOT2,2017-02-22,-5.61850067,9.258066519
3NOT3,2017-02-22,-5.617148276,9.258640667
3NOT4,2017-02-22,-5.617655918,9.256244921
3NOU1,2017-03-04,-5.778425008,9.168051922
3NOU2,2017-03-04,-5.779228565,9.167392602
3NOU3,2017-03-04,-5.779148992,9.167072104
3NOU4,2017-03-04,-5.779912312,9.167013259
3NOW1,2017-02-24,-5.51658768,9.48668305583333
3NOW2,2017-02-24,-5.51643081416667,9.48597677833333
3NOW3,2017-02-24,-5.51669394333333,9.4845879
3NOW4,2017-02-24,-5.51705221583333,9.4846936625
3PEN1,2017-02-18,-5.515923565,9.253196125
3PEN2,2017-02-18,-5.51566367,9.25415147
3PEN3,2017-02-18,-5.51438529,9.25333756
3PEN4,2017-02-18,-5.5134492,9.2535266
3PES1,2017-02-24,-5.4880111,9.50673637
3PES2,2017-02-24,-5.4882594,9.50493673
3PES3,2017-02-24,-5.48804316,9.504150385
3PES4,2017-02-24,-5.48699795,9.50523704
3TAG1,2017-03-02,-5.687781118,9.159901502
3TAG2,2017-03-02,-5.687130629,9.16026292
3TAG3,2017-03-02,-5.687874654,9.160922255
3TAG4,2017-03-02,-5.688478035,9.161241348
3TAH1,2017-03-02,-5.49940405,9.3946112
3TAH2,2017-03-02,-5.49879167,9.39400742
3TAH3,2017-03-02,-5.49858952,9.39417534
3TAH4,2017-03-02,-5.49901803,9.39444836
3TAK1,2017-02-20,-5.60630756583333,9.32532524416667
3TAK2,2017-02-20,-5.60615170083333,9.32336700583333
3TAK3,2017-02-20,-5.60568310166667,9.32751549333333
3TAK4,2017-02-20,-5.60309804083333,9.3270752475
3YAY1,2017-02-26,-5.49994047357143,8.98882538357143
3YAY2,2017-02-26,-5.5000123,8.98908580285714
3YAY3,2017-02-26,-5.499346175,8.98907493571429
3YAY4,2017-02-26,-5.49960569357143,8.98968785214286
3YEN1,2017-02-18,-5.58955404,9.35303673
3YEN2,2017-02-18,-5.58839313,9.352947485
3YEN3,2017-02-18,-5.58717897,9.3514184
3YEN4,2017-02-18,-5.586840945,9.35346206
4BAP1,2017-04-29,-5.66851878,9.236653865
4BAP2,2017-04-29,-5.66777825,9.236219505
4BAP3,2017-04-29,-5.668469765,9.23779319
4BAP4,2017-04-29,-5.66877448,9.237268255
4FEL1,2017-04-25,-5.47167755,9.45042707
4FEL2,2017-04-25,-5.472017395,9.44998284
4FEL3,2017-04-25,-5.47012187,9.448937595
4FEL4,2017-04-25,-5.47026774,9.449964645
4FLA1,2017-04-13,-5.61058209,9.29441112
4FLA2,2017-04-13,-5.6097653,9.29623009
4FLA3,2017-04-13,-5.610003065,9.297115495
4FLA4,2017-04-13,-5.61102556,9.295962555
4GUE1,2017-04-13,-5.549451505,9.27167277
4GUE2,2017-04-13,-5.548807375,9.271242025
4GUE3,2017-04-13,-5.548394765,9.271932185
4GUE4,2017-04-13,-5.549288585,9.27247068
4KAG1,2017-04-11,-5.53525025,9.281804975
4KAG2,2017-04-11,-5.53628441,9.281443315
4KAG3,2017-04-11,-5.53583039,9.282584665
4KAG4,2017-04-11,-5.53478304,9.282716685
4KAR1,2017-04-15,-5.71083582,8.991586855
4KAR2,2017-04-15,-5.709857575,8.991547025
4KAR3,2017-04-15,-5.71058447,8.99110617
4KAR4,2017-04-15,-5.711495575,8.991813645
4KAT1,2017-04-29,-5.73818276,9.2341026
4KAT2,2017-04-29,-5.739511625,9.234063385
4KAT3,2017-04-29,-5.739601885,9.234129655
4KAT4,2017-04-29,-5.737891415,9.2347976
4KOG1,2017-04-27,-5.76104346,9.256651905
4KOG2,2017-04-27,-5.76113783,9.25535757
4KOG3,2017-04-27,-5.760114975,9.25545292
4KOG4,2017-04-27,-5.75930299,9.25474002
4KOL1,2017-04-11,-5.523485185,9.28824894
4KOL2,2017-04-11,-5.523585885,9.28743274
4KOL3,2017-04-11,-5.52552605,9.28846907
4KOL4,2017-04-11,-5.523949145,9.28939704
4KON1,2017-04-25,-5.514449,9.44053775
4KON2,2017-04-25,-5.513975675,9.44028839
4KON3,2017-04-25,-5.5130278,9.44083816
4KON4,2017-04-25,-5.51351889,9.44074509
4LAG1,2017-04-11,-5.56791947,9.29688742
4LAG2,2017-04-11,-5.56719182,9.29832576
4LAG3,2017-04-11,-5.566644925,9.299301315
4LAG4,2017-04-11,-5.56822912,9.2978465
4LAT1,2017-04-27,-5.75625297,9.21071593
4LAT2,2017-04-27,-5.756173675,9.210008575
4LAT3,2017-04-27,-5.75682864,9.21013932
4LAT4,2017-04-27,-5.75718929,9.210614585
4LLO1,2017-04-19,-5.58319225,9.27986813
4LLO2,2017-04-19,-5.58431242,9.27894123
4LLO3,2017-04-19,-5.5817329,9.27924935
4LLO4,2017-04-19,-5.57975416,9.28003788
4LOK1,2017-04-13,-5.6069117,9.186423165
4LOK2,2017-04-13,-5.605524885,9.186011215
4LOK3,2017-04-13,-5.604387015,9.18666819
4LOK4,2017-04-13,-5.60516489,9.18801578
4MOR1,2017-04-17,-5.56989893,9.39735468
4MOR2,2017-04-17,-5.571850825,9.39789234
4MOR3,2017-04-17,-5.572127505,9.398719795
4MOR4,2017-04-17,-5.57171288,9.39908997
4NAA1,2017-04-19,-5.60862469,9.32788345
4NAA2,2017-04-19,-5.609294015,9.326398755
4NAA3,2017-04-19,-5.61063941,9.32792694
4NAK1,2017-04-15,-5.74837721,9.05972752
4NAK2,2017-04-15,-5.748184605,9.06027987
4NAK3,2017-04-15,-5.74793726,9.06054498
4NAK4,2017-04-15,-5.748227955,9.06072787
4NAL1,2017-04-21,-5.48623627,9.032423935
4NAL2,2017-04-21,-5.48640484,9.031150045
4NAL3,2017-04-21,-5.48744557,9.031843745
4NAL4,2017-04-21,-5.486646355,9.03323839
4NOK1,2017-04-23,-5.61386865,9.251787955
4NOK2,2017-04-23,-5.61403949,9.251281095
4NOK3,2017-04-23,-5.61441214,9.25156608
4NOK4,2017-04-23,-5.614304275,9.25253924
4NON1,2017-04-17,-5.56669938,9.39304983
4NON2,2017-04-17,-5.565804295,9.393049325
4NON3,2017-04-17,-5.565336505,9.392015275
4NON4,2017-04-17,-5.56683399,9.39195197
4NOT1,2017-04-15,-5.618421795,9.257481345
4NOT2,2017-04-15,-5.618492775,9.25806684
4NOT3,2017-04-15,-5.617161715,9.25865467
4NOT4,2017-04-15,-5.617655525,9.256214025
4NOU1,2017-04-27,-5.778457265,9.16801685
4NOU2,2017-04-27,-5.77934708,9.16751225
4NOU3,2017-04-27,-5.78016868,9.167058805
4NOU4,2017-04-27,-5.778702965,9.16693484
4NOW1,2017-04-23,-5.516582305,9.486699245
4NOW2,2017-04-23,-5.516420305,9.485773445
4NOW3,2017-04-23,-5.516664835,9.4845905
4NOW4,2017-04-23,-5.517034045,9.48464582
4PEN1,2017-04-17,-5.51590649,9.253153835
4PEN2,2017-04-17,-5.51569367,9.254197555
4PEN3,2017-04-17,-5.514392285,9.253333025
4PEN4,2017-04-17,-5.51344604,9.25351219
4PES1,2017-04-19,-5.488035295,9.506743635
4PES2,2017-04-19,-5.48826565,9.504914355
4PES3,2017-04-19,-5.488109585,9.504182895
4PES4,2017-04-19,-5.487037135,9.505205045
4TAG1,2017-04-29,-5.68777006,9.15989211
4TAG2,2017-04-29,-5.687142055,9.160251715
4TAG3,2017-04-29,-5.68783024,9.160913115
4TAG4,2017-04-29,-5.68846947,9.16125503
4TAH1,2017-04-25,-5.49945879,9.39462426
4TAH2,2017-04-25,-5.498630535,9.39409607
4TAH3,2017-04-25,-5.49859443,9.394137055
4TAH4,2017-04-25,-5.49896988,9.394478125
4TAK1,2017-04-21,-5.6062883,9.32531624
4TAK2,2017-04-21,-5.606180505,9.323405225
4TAK3,2017-04-21,-5.60570281,9.327494175
4TAK4,2017-04-21,-5.60310718,9.32703538
4YAY1,2017-04-21,-5.500094575,8.989029505
4YAY2,2017-04-21,-5.49952401,8.989300905
4YAY3,2017-04-21,-5.49938015,8.98906698
4YAY4,2017-04-21,-5.49961862,8.989675495
4YEN1,2017-04-23,-5.58958298,9.35304128
4YEN2,2017-04-23,-5.588393445,9.35293218
4YEN3,2017-04-23,-5.587146955,9.35138077
4YEN4,2017-04-23,-5.586812255,9.35344172
5BAP1,2017-11-02,-5.668521355,9.23663044
5BAP2,2017-11-02,-5.667822385,9.23615028
5BAP3,2017-11-02,-5.66852058,9.2377903
5BAP4,2017-11-02,-5.668767795,9.23724429
5BLA1,2017-10-31,-5.652801855,8.94955414
5BLA2,2017-10-31,-5.651652495,8.94929088
5BLA3,2017-10-31,-5.65209215,8.94817547
5BLA4,2017-10-31,-5.65326834,8.948402995
5FEL1,2017-10-25,-5.471686295,9.450424045
5FEL2,2017-10-25,-5.47198163,9.449953195
5FEL3,2017-10-25,-5.47011497,9.44897906
5FEL4,2017-10-25,-5.47026713,9.44994253
5FLA1,2017-10-19,-5.610559035,9.294422735
5FLA2,2017-10-19,-5.609736115,9.296228345
5FLA3,2017-10-19,-5.60997622,9.2971358
5FLA4,2017-10-19,-5.611000375,9.295939385
5GUE1,2017-10-19,-5.54940636,9.27169259
5GUE2,2017-10-19,-5.54882047,9.27123627
5GUE3,2017-10-19,-5.548406015,9.271904595
5GUE4,2017-10-19,-5.54924064,9.27243767
5KAG1,2017-10-21,-5.53526955,9.28179237
5KAG2,2017-10-21,-5.53630414,9.28144376
5KAG3,2017-10-21,-5.5358898,9.28255196
5KAG4,2017-10-21,-5.53475422,9.2827757
5KAR1,2017-10-27,-5.7108681,8.99161672
5KAR2,2017-10-27,-5.7098424,8.99159473
5KAR3,2017-10-27,-5.710587305,8.991091445
5KAR4,2017-10-27,-5.711433095,8.99167361
5KAT1,2017-11-04,-5.73815215,9.23409739
5KAT2,2017-11-04,-5.739574645,9.234099925
5KAT3,2017-11-04,-5.739792895,9.235023025
5KAT4,2017-11-04,-5.74008105,9.2354326
5KOG1,2017-11-04,-5.76102333,9.25663132
5KOG2,2017-11-04,-5.76115402,9.25539377
5KOG3,2017-11-04,-5.76009026,9.25541462
5KOG4,2017-11-04,-5.75927203,9.25468684
5KON1,2017-10-25,-5.514422665,9.44062726
5KON2,2017-10-25,-5.51391867,9.44029411
5KON3,2017-10-25,-5.51302382,9.44086441
5KON4,2017-10-25,-5.513528045,9.44077217
5LAG1,2017-10-19,-5.567922645,9.296866215
5LAG2,2017-10-19,-5.567185835,9.298299805
5LAG3,2017-10-19,-5.56664043,9.29930696
5LAG4,2017-10-19,-5.56822854,9.29784271
5LAT1,2017-11-04,-5.756270355,9.21072875
5LAT2,2017-11-04,-5.75622136,9.210021825
5LAT3,2017-11-04,-5.756813615,9.21020362
5LAT4,2017-11-04,-5.75719235,9.21065993
5LLO1,2017-10-21,-5.583183445,9.27982743
5LLO2,2017-10-21,-5.58431116,9.27891909
5LLO3,2017-10-21,-5.58176975,9.27922609
5LLO4,2017-10-21,-5.57972702,9.2800253
5LOK1,2017-10-23,-5.606258055,9.18653511
5LOK2,2017-10-23,-5.60541875,9.18623675
5LOK3,2017-10-23,-5.604367395,9.186717295
5LOK4,2017-10-23,-5.6051453,9.18801972
5MOR1,2017-10-29,-5.56988181,9.39735519
5MOR2,2017-10-29,-5.57175155,9.397859455
5MOR3,2017-10-29,-5.57213114,9.398706355
5MOR4,2017-10-29,-5.57020358,9.396858995
5NAK1,2017-10-27,-5.74840035,9.05975365
5NAK2,2017-10-27,-5.7483291,9.06009924
5NAK3,2017-10-27,-5.748197415,9.060687525
5NAK4,2017-10-27,-5.748971105,9.060316715
5NAL1,2017-10-31,-5.48624955,9.032432105
5NAL2,2017-10-31,-5.48637434,9.03120015
5NAL3,2017-10-31,-5.487457225,9.031847835
5NAL4,2017-10-31,-5.48665763,9.033218755
5NAM1,2017-10-27,-5.751123835,8.88399524
5NAM2,2017-10-27,-5.750430455,8.88410248
5NAM3,2017-10-27,-5.74940379,8.88466199
5NAM4,2017-10-27,-5.75047383,8.885456185
5NOT1,2017-11-06,-5.61839577,9.257524385
5NOT2,2017-11-06,-5.618515115,9.258080385
5NOT3,2017-11-06,-5.61712831,9.25866634
5NOT4,2017-11-06,-5.617631245,9.256270965
5NOU1,2017-11-02,-5.7784178,9.1680537
5NOU2,2017-11-02,-5.779373575,9.167517055
5NOU3,2017-11-02,-5.77879041,9.166931595
5NOU4,2017-11-02,-5.78021983,9.16703247
5NOW1,2017-10-29,-5.516565035,9.4866822
5NOW2,2017-10-29,-5.51638886,9.48585183
5NOW3,2017-10-29,-5.51670316,9.484561705
5NOW4,2017-10-29,-5.51694908,9.484657005
5PEN1,2017-10-21,-5.515871985,9.2532049
5PEN2,2017-10-21,-5.51563178,9.254004085
5PEN3,2017-10-21,-5.514380495,9.25336771
5PEN4,2017-10-21,-5.51345667,9.25356069
5PES1,2017-10-29,-5.48800643,9.506775365
5PES2,2017-10-29,-5.488259415,9.504935195
5PES3,2017-10-29,-5.48809287,9.50418828
5PES4,2017-10-29,-5.48701582,9.50521686
5TAG1,2017-11-02,-5.68777827,9.15993298
5TAG2,2017-11-02,-5.68714012,9.160268035
5TAG3,2017-11-02,-5.6878694,9.1609292
5TAG4,2017-11-02,-5.688479615,9.16123567
5TAH1,2017-10-25,-5.512729845,9.38997617
5TAH2,2017-10-25,-5.513294515,9.3913049
5TAH3,2017-10-25,-5.512441825,9.391955235
5TAH4,2017-10-25,-5.51212578,9.392539055
5TAK1,2017-10-23,-5.606320375,9.32531812
5TAK2,2017-10-23,-5.60614725,9.32337541
5TAK3,2017-10-23,-5.60567771,9.3275417
5TAK4,2017-10-23,-5.60309319,9.327074015
5YAY1,2017-10-31,-5.499923155,8.9887896
5YAY2,2017-10-31,-5.50012489,8.989073725
5YAY3,2017-10-31,-5.499349665,8.98905927
5YAY4,2017-10-31,-5.49960065,8.98968844
5YEN1,2017-10-23,-5.58955173,9.353026945
5YEN2,2017-10-23,-5.58841194,9.35294138
5YEN3,2017-10-23,-5.58719788,9.35143936
5YEN4,2017-10-23,-5.58683913,9.35344394
6BAP1,2017-12-10,-5.668541675,9.236577615
6BAP2,2017-12-10,-5.667809465,9.2361211
6BAP3,2017-12-10,-5.668486315,9.23783319
6BAP4,2017-12-10,-5.66882405,9.237178025
6BLA1,2017-12-08,-5.652782665,8.949523425
6BLA2,2017-12-08,-5.651657385,8.94930324
6BLA3,2017-12-08,-5.65210132,8.948198565
6BLA4,2017-12-08,-5.65326641,8.948468985
6FEL1,2017-11-30,-5.471699475,9.450436135
6FEL2,2017-11-30,-5.472006655,9.449965765
6FEL3,2017-11-30,-5.47011918,9.4490105
6FEL4,2017-11-30,-5.47028022,9.44992237
6FLA1,2017-11-26,-5.61062669,9.29448633
6FLA2,2017-11-26,-5.60972931,9.296244465
6FLA3,2017-11-26,-5.609981085,9.29714812
6FLA4,2017-11-26,-5.610998115,9.29594312
6GUE1,2017-11-26,-5.549424305,9.271663775
6GUE2,2017-11-26,-5.54880373,9.27124029
6GUE3,2017-11-26,-5.548393605,9.27193589
6GUE4,2017-11-26,-5.549231855,9.27245606
6KAG1,2017-11-28,-5.53524911,9.28181606
6KAG2,2017-11-28,-5.53625843,9.28144656
6KAG3,2017-11-28,-5.53587293,9.2825671
6KAG4,2017-11-28,-5.534649595,9.28288969
6KAR1,2017-12-04,-5.71082585,8.991629065
6KAR2,2017-12-04,-5.709808155,8.991549415
6KAR3,2017-12-04,-5.710628805,8.991152575
6KAR4,2017-12-04,-5.711422085,8.99166849
6KAT1,2017-12-12,-5.73815263,9.23416592
6KAT2,2017-12-12,-5.739618615,9.23417036
6KAT3,2017-12-12,-5.739851205,9.234970175
6KAT4,2017-12-12,-5.74002003,9.235390745
6KOG1,2017-12-12,-5.76100008,9.25666218
6KOG2,2017-12-12,-5.761173015,9.255354785
6KOG3,2017-12-12,-5.760118725,9.25539186
6KOG4,2017-12-12,-5.759301515,9.2547026
6KON1,2017-11-30,-5.514426105,9.440584095
6KON2,2017-11-30,-5.513976445,9.44028605
6KON3,2017-11-30,-5.512981835,9.44085139
6KON4,2017-11-30,-5.513524135,9.44076498
6LAG1,2017-11-26,-5.56792693,9.29688948
6LAG2,2017-11-26,-5.56720216,9.298315505
6LAG3,2017-11-26,-5.56671729,9.29928581
6LAG4,2017-11-26,-5.56825173,9.297858845
6LAT1,2017-12-12,-5.756223495,9.21073365
6LAT2,2017-12-12,-5.75619993,9.20998985
6LAT3,2017-12-12,-5.756780265,9.21015344
6LAT4,2017-12-12,-5.75716306,9.210602185
6LLO1,2017-11-28,-5.58321058,9.279842115
6LLO2,2017-11-28,-5.584318105,9.278908205
6LLO3,2017-11-28,-5.58176712,9.279261985
6LLO4,2017-11-28,-5.579730835,9.28003195
6LOK1,2017-12-01,-5.606245575,9.186549565
6LOK2,2017-12-01,-5.60538812,9.18628267
6LOK3,2017-12-01,-5.60435479,9.186757935
6LOK4,2017-12-01,-5.60514349,9.18802249
6MOR1,2017-12-06,-5.56989699,9.39733682
6MOR2,2017-12-06,-5.57174649,9.39780981
6MOR3,2017-12-06,-5.57210489,9.398716995
6MOR4,2017-12-06,-5.571743355,9.39910858
6NAK1,2017-12-04,-5.74839162,9.059768825
6NAK2,2017-12-04,-5.74821208,9.060344585
6NAK3,2017-12-04,-5.74795906,9.06053341
6NAK4,2017-12-04,-5.74817222,9.06068535
6NAL1,2017-12-08,-5.486171655,9.03239644
6NAL2,2017-12-08,-5.48635329,9.03113353
6NAL3,2017-12-08,-5.487397015,9.031840865
6NAL4,2017-12-08,-5.486622,9.03326969
6NAM1,2017-12-04,-5.751122885,8.88402422
6NAM2,2017-12-04,-5.75040959,8.884147855
6NAM3,2017-12-04,-5.749422075,8.88466174
6NAM4,2017-12-04,-5.75048754,8.88548125
6NOT1,2017-12-13,-5.618430045,9.257509665
6NOT2,2017-12-13,-5.618485065,9.258042835
6NOT3,2017-12-13,-5.61714212,9.258621035
6NOT4,2017-12-13,-5.617666605,9.25626205
6NOU1,2017-12-10,-5.778403345,9.168090865
6NOU2,2017-12-10,-5.77938207,9.16751753
6NOU3,2017-12-10,-5.7786826,9.166938265
6NOU4,2017-12-10,-5.780210255,9.167033765
6NOW1,2017-12-06,-5.51659694,9.48668697
6NOW2,2017-12-06,-5.51636712,9.485807285
6NOW3,2017-12-06,-5.51667806,9.48460446
6NOW4,2017-12-06,-5.51703596,9.4846577
6PEN1,2017-11-28,-5.5158791,9.25317228
6PEN2,2017-11-28,-5.51562841,9.25395401
6PEN3,2017-11-28,-5.51439226,9.25334081
6PEN4,2017-11-28,-5.51348213,9.25358883
6PES1,2017-12-06,-5.48800522,9.50678128
6PES2,2017-12-06,-5.488239815,9.504909915
6PES3,2017-12-06,-5.48809652,9.50417721
6PES4,2017-12-06,-5.486996095,9.50520361
6TAG1,2017-12-10,-5.68777883,9.15989917
6TAG2,2017-12-10,-5.68713314,9.16027801
6TAG3,2017-12-10,-5.687882485,9.160898675
6TAG4,2017-12-10,-5.68846456,9.161274075
6TAH1,2017-11-30,-5.512708895,9.39001399
6TAH2,2017-11-30,-5.51328059,9.39127847
6TAH3,2017-11-30,-5.51242643,9.39194014
6TAH4,2017-11-30,-5.51209186,9.39255063
6TAK1,2017-12-01,-5.60631108,9.32533383
6TAK2,2017-12-01,-5.60612807,9.32339087
6TAK3,2017-12-01,-5.60567513,9.32750086
6TAK4,2017-12-01,-5.60307544,9.3270732
6YAY1,2017-12-08,-5.499924675,8.98880473
6YAY2,2017-12-08,-5.50006952,8.989079495
6YAY3,2017-12-08,-5.49933829,8.98910684
6YAY4,2017-12-08,-5.49958564,8.98968798
6YEN1,2017-12-01,-5.5895999,9.35307661
6YEN2,2017-12-01,-5.58839133,9.35297184
6YEN3,2017-12-01,-5.58717273,9.351401605
6YEN4,2017-12-01,-5.58683248,9.35343811
7BAP1,2018-01-31,-5.66773993,9.23700418
7BAP2,2018-01-31,-5.66782648,9.23615515
7BAP3,2018-01-31,-5.668482475,9.237843195
7BAP4,2018-01-31,-5.66881274,9.2372437
7BLA1,2018-01-29,-5.65280136,8.9495236
7BLA2,2018-01-29,-5.6516877,8.94930585
7BLA3,2018-01-29,-5.65211529,8.9481681
7BLA4,2018-01-29,-5.653321915,8.94845873
7FEL1,2018-01-23,-5.47171004,9.45041208
7FEL2,2018-01-23,-5.47199763,9.44993442
7FEL3,2018-01-23,-5.47014649,9.448981435
7FEL4,2018-01-23,-5.4703166,9.44993578
7FLA1,2018-01-17,-5.610579545,9.294480235
7FLA2,2018-01-17,-5.60975764,9.296086335
7FLA3,2018-01-17,-5.609964425,9.297159285
7FLA4,2018-01-17,-5.61099526,9.29593834
7GUE1,2018-01-17,-5.54939338,9.27168563
7GUE2,2018-01-17,-5.54880257,9.271256605
7GUE3,2018-01-17,-5.54840072,9.27193602
7GUE4,2018-01-17,-5.549237615,9.272413465
7KAG1,2018-01-19,-5.535277915,9.281786985
7KAG2,2018-01-19,-5.53628612,9.28143487
7KAG3,2018-01-19,-5.535856775,9.282577845
7KAG4,2018-01-19,-5.53466647,9.28286755
7KAR1,2018-01-25,-5.71087214,8.99159612
7KAR2,2018-01-25,-5.709831175,8.99154839
7KAR3,2018-01-25,-5.71058136,8.991088445
7KAR4,2018-01-25,-5.711412935,8.9916778
7KAT1,2018-02-02,-5.7381688,9.23411809
7KAT2,2018-02-02,-5.739564445,9.234439895
7KAT3,2018-02-02,-5.73974423,9.235037315
7KAT4,2018-02-02,-5.7399758,9.235066215
7KOG1,2018-02-02,-5.760992485,9.25667465
7KOG2,2018-02-02,-5.761161635,9.255362775
7KOG3,2018-02-02,-5.76008397,9.25542262
7KOG4,2018-02-02,-5.759283225,9.25467764
7KON1,2018-01-23,-5.51439828,9.44059518
7KON2,2018-01-23,-5.51395073,9.44027995
7KON3,2018-01-23,-5.51303943,9.44085898
7KON4,2018-01-23,-5.513482675,9.44075097
7LAG1,2018-01-17,-5.56796253,9.29689188
7LAG2,2018-01-17,-5.56722968,9.298306975
7LAG3,2018-01-17,-5.56666359,9.29931431
7LAG4,2018-01-17,-5.56822014,9.29787599
7LAT1,2018-02-02,-5.75626717,9.21073219
7LAT2,2018-02-02,-5.75619853,9.21004345
7LAT3,2018-02-02,-5.75681035,9.21020928
7LAT4,2018-02-02,-5.75719612,9.21067356
7LLO1,2018-01-19,-5.58361318,9.27942245
7LLO2,2018-01-19,-5.584318335,9.278901555
7LLO3,2018-01-19,-5.581827615,9.27925407
7LLO4,2018-01-19,-5.579739725,9.280026205
7LOK1,2018-01-21,-5.60627147,9.186538585
7LOK2,2018-01-21,-5.60540497,9.18623719
7LOK3,2018-01-21,-5.60438984,9.1867155
7LOK4,2018-01-21,-5.60512687,9.18798671
7MOR1,2018-01-27,-5.56991654,9.39732828
7MOR2,2018-01-27,-5.57185816,9.397915525
7MOR3,2018-01-27,-5.572192115,9.39871385
7MOR4,2018-01-27,-5.57175999,9.399091575
7NAK1,2018-01-25,-5.748395945,9.05973522
7NAK2,2018-01-25,-5.74818354,9.06032225
7NAK3,2018-01-25,-5.747964385,9.06049124
7NAK4,2018-01-25,-5.748214895,9.060755565
7NAL1,2018-01-29,-5.486220885,9.03242728
7NAL2,2018-01-29,-5.486368185,9.031151745
7NAL3,2018-01-29,-5.487474405,9.031841455
7NAL4,2018-01-29,-5.48665667,9.033210205
7NAM1,2018-01-25,-5.75114991,8.883988595
7NAM2,2018-01-25,-5.750413305,8.88410733
7NAM3,2018-01-25,-5.749372925,8.88467895
7NAM4,2018-01-25,-5.750474345,8.88548988
7NOT1,2018-01-21,-5.6184584,9.257512525
7NOT2,2018-01-21,-5.61850432,9.25808076
7NOT3,2018-01-21,-5.61714548,9.258634785
7NOT4,2018-01-21,-5.61766201,9.25622658
7NOU1,2018-01-31,-5.77841562,9.1680477
7NOU2,2018-01-31,-5.77868038,9.16691021
7NOU3,2018-01-31,-5.7793688,9.167495405
7NOU4,2018-01-31,-5.78021937,9.16702812
7NOW1,2018-02-04,-5.516620495,9.48670948
7NOW2,2018-02-04,-5.51664608,9.48676408
7NOW3,2018-02-04,-5.5166939,9.48456727
7NOW4,2018-02-04,-5.51700814,9.48466501
7PEN1,2018-01-19,-5.51585508,9.2531901
7PEN2,2018-01-19,-5.51566792,9.253996375
7PEN3,2018-01-19,-5.514367855,9.253337845
7PEN4,2018-01-19,-5.513490965,9.253578545
7PES1,2018-01-27,-5.488013245,9.50677232
7PES2,2018-01-27,-5.488257695,9.50493422
7PES3,2018-01-27,-5.488064415,9.50419314
7PES4,2018-01-27,-5.48702077,9.50523148
7TAG1,2018-01-31,-5.68778781,9.15989393
7TAG2,2018-01-31,-5.6871234,9.16028976
7TAG3,2018-01-31,-5.687894535,9.160935575
7TAG4,2018-01-31,-5.68845439,9.16126023
7TAH1,2018-01-23,-5.51266837,9.390018575
7TAH2,2018-01-23,-5.513286275,9.391223865
7TAH3,2018-01-23,-5.51243323,9.39195606
7TAH4,2018-01-23,-5.51208961,9.39257247
7TAK1,2018-01-21,-5.606275055,9.3253114
7TAK2,2018-01-21,-5.60614653,9.32335816
7TAK3,2018-01-21,-5.605683755,9.32750536
7TAK4,2018-01-21,-5.60307416,9.327060725
7YAY1,2018-01-29,-5.49989689,8.988788745
7YAY2,2018-01-29,-5.50010125,8.98906306
7YAY3,2018-01-29,-5.49932553,8.98909836
7YAY4,2018-01-29,-5.49960066,8.98969278
7YEN1,2018-01-26,-5.58958816,9.353045155
7YEN2,2018-01-26,-5.58835699,9.352961235
7YEN3,2018-01-26,-5.587174865,9.35137718
7YEN4,2018-01-26,-5.586830165,9.353454105
8BAP1,2018-03-30,-5.66852142,9.2366307
8BAP2,2018-03-30,-5.66779198,9.23613304
8BAP3,2018-03-30,-5.668461915,9.237755055
8BAP4,2018-03-30,-5.66876256,9.23722875
8BLA1,2018-03-28,-5.65286624,8.94951584
8BLA2,2018-03-28,-5.651702765,8.949318285
8BLA3,2018-03-28,-5.65209171,8.94823097
8BLA4,2018-03-28,-5.653315555,8.948413045
8FEL1,2018-03-22,-5.47173658,9.450452655
8FEL2,2018-03-22,-5.472067455,9.449942595
8FEL3,2018-03-22,-5.4701287,9.448956565
8FEL4,2018-03-22,-5.470364455,9.449960415
8FLA1,2018-03-18,-5.610591325,9.294421265
8FLA2,2018-03-18,-5.609824735,9.29609427
8FLA3,2018-03-18,-5.61000801,9.2971161
8FLA4,2018-03-18,-5.610980995,9.29596126
8GUE1,2018-03-16,-5.54939151,9.27164284
8GUE2,2018-03-16,-5.54886367,9.27123968
8GUE3,2018-03-16,-5.548432375,9.2719318
8GUE4,2018-03-16,-5.54926499,9.272367465
8KAG1,2018-03-18,-5.53526386,9.281794605
8KAG2,2018-03-18,-5.53629441,9.2814401
8KAG3,2018-03-18,-5.5358695,9.282565425
8KAG4,2018-03-18,-5.53464268,9.28287085
8KAR1,2018-03-24,-5.710814335,8.99164598
8KAR2,2018-03-24,-5.709866915,8.99158762
8KAR3,2018-03-24,-5.71054917,8.99109414
8KAR4,2018-03-24,-5.71141638,8.9917204
8KAT1,2018-04-01,-5.73815694,9.234127745
8KAT2,2018-04-01,-5.739538395,9.23409621
8KAT3,2018-04-01,-5.73978488,9.23503964
8KAT4,2018-04-01,-5.74007616,9.23541882
8KOG1,2018-04-01,-5.76102497,9.256636205
8KOG2,2018-04-01,-5.761130385,9.2553737
8KOG3,2018-04-01,-5.76008539,9.25542271
8KOG4,2018-04-01,-5.75927238,9.25471978
8KON1,2018-03-22,-5.51440629,9.44062072
8KON2,2018-03-22,-5.513946005,9.440321355
8KON3,2018-03-22,-5.51304997,9.4408825
8KON4,2018-03-22,-5.513508355,9.44079193
8LAG1,2018-03-16,-5.567965225,9.296924095
8LAG2,2018-03-16,-5.567175635,9.298380055
8LAG3,2018-03-16,-5.56659418,9.299303745
8LAG4,2018-03-16,-5.56821449,9.297859995
8LAT1,2018-04-01,-5.7562734,9.21074277
8LAT2,2018-04-01,-5.75619483,9.210036705
8LAT3,2018-04-01,-5.756796855,9.210179175
8LAT4,2018-04-01,-5.757197135,9.210643915
8LLO1,2018-03-18,-5.583192925,9.279841725
8LLO2,2018-03-18,-5.58432671,9.278918855
8LLO3,2018-03-18,-5.58174801,9.279259305
8LLO4,2018-03-18,-5.57975198,9.280036745
8LOK1,2018-03-20,-5.60626363,9.18651152
8LOK2,2018-03-20,-5.60542202,9.186231435
8LOK3,2018-03-20,-5.60445345,9.186654365
8LOK4,2018-03-20,-5.60520325,9.18802571
8MOR1,2018-03-26,-5.56988849,9.39735569
8MOR2,2018-03-26,-5.571876735,9.397899565
8MOR3,2018-03-26,-5.57212266,9.39870353
8MOR4,2018-03-26,-5.571698515,9.39913497
8NAK1,2018-03-24,-5.748381045,9.059728725
8NAK2,2018-03-24,-5.74816723,9.06031737
8NAK3,2018-03-24,-5.7479386,9.06053819
8NAK4,2018-03-24,-5.74819115,9.06072017
8NAL1,2018-03-28,-5.48621562,9.0324201
8NAL2,2018-03-28,-5.48638295,9.03117131
8NAL3,2018-03-28,-5.487454185,9.031845405
8NAL4,2018-03-28,-5.486634735,9.033219545
8NAM1,2018-03-24,-5.751178135,8.88402057
8NAM2,2018-03-24,-5.7504309,8.884165645
8NAM3,2018-03-24,-5.74940135,8.8846941
8NAM4,2018-03-24,-5.75052051,8.88546689
8NOT1,2018-04-03,-5.618423965,9.257511505
8NOT2,2018-04-03,-5.618506075,9.258061775
8NOT3,2018-04-03,-5.617163755,9.258626505
8NOT4,2018-04-03,-5.617664205,9.256250985
8NOU1,2018-03-30,-5.77843101,9.168050495
8NOU2,2018-03-30,-5.77935972,9.167505965
8NOU3,2018-03-30,-5.77873447,9.16693645
8NOU4,2018-03-30,-5.78020914,9.1670371
8NOW1,2018-03-26,-5.516579485,9.486632715
8NOW2,2018-03-26,-5.51639818,9.48578022
8NOW3,2018-03-26,-5.516729885,9.48456797
8NOW4,2018-03-26,-5.51704548,9.48464219
8PEN1,2018-03-20,-5.515924985,9.25321156
8PEN2,2018-03-20,-5.515626365,9.253908115
8PEN3,2018-03-20,-5.51439984,9.25332793
8PEN4,2018-03-20,-5.51345823,9.253502365
8PES1,2018-03-26,-5.48804283,9.50675921
8PES2,2018-03-26,-5.488228615,9.504932545
8PES3,2018-03-26,-5.48808297,9.504184205
8PES4,2018-03-26,-5.48701322,9.505234905
8TAG1,2018-03-30,-5.68779062,9.15988932
8TAG2,2018-03-30,-5.68711443,9.16022708
8TAG3,2018-03-30,-5.68789661,9.16093471
8TAG4,2018-03-30,-5.68852214,9.161181735
8TAH1,2018-03-22,-5.51272241,9.39007294
8TAH2,2018-03-22,-5.51332018,9.391253405
8TAH3,2018-03-22,-5.512454105,9.391955055
8TAH4,2018-03-22,-5.51213316,9.39253735
8TAK1,2018-03-20,-5.60634928,9.32532481
8TAK2,2018-03-20,-5.60615035,9.32335562
8TAK3,2018-03-20,-5.60569237,9.327529055
8TAK4,2018-03-20,-5.60313412,9.3271172
8YAY1,2018-03-28,-5.499923845,8.988781535
8YAY2,2018-03-28,-5.5000788,8.989064695
8YAY3,2018-03-28,-5.499337655,8.989101305
8YAY4,2018-03-28,-5.499615705,8.98968771
8YEN1,2018-03-16,-5.589575875,9.353054545
8YEN2,2018-03-16,-5.588370255,9.352946275
8YEN3,2018-03-16,-5.58716693,9.3513821
8YEN4,2018-03-16,-5.58683643,9.35348678
